Set,Insert/Subset,Card #,Player,Team,Base,Parallel Blue,Parallel Yellow,Parallel Green,Special
Insert,Badge,1,Team Badge,Arsenal,,,,,
Base,Base,2,David Raya,Arsenal,,,,,
Base,Base,3,William Saliba,Arsenal,,,,,
Base,Base,4,Gabriel Magalhães,Arsenal,,,,,
Base,Base,5,Jurriën Timber,Arsenal,,,,,
Base,Base,6,Mikel Merino,Arsenal,,,,,
Base,Base,7,Thomas Partey,Arsenal,,,,,
Base,Base,8,Declan Rice,Arsenal,,,,,
Base,Base,9,Myles Lewis-Skelly,Arsenal,,,,,
Base,Base,10,Martin Ødegaard,Arsenal,,,,,
Base,Base,11,Ethan Nwaneri,Arsenal,,,,,
Base,Base,12,Bukayo Saka,Arsenal,,,,,
Base,Base,13,Gabriel Martinelli,Arsenal,,,,,
Base,Base,14,Leandro Trossard,Arsenal,,,,,
Base,Base,15,Kai Havertz,Arsenal,,,,,
Insert,Generation Now,16,Gabriel Martinelli,Arsenal,,,,,
Insert,Full Force,17,Jurriën Timber,Arsenal,,,,,
Insert,Breakthrough Baller,18,Myles Lewis-Skelly,Arsenal,,,,,
Insert,Badge,19,Team Badge,Aston Villa,,,,,
Base,Base,20,Emiliano Martínez,Aston Villa,,,,,
Base,Base,21,Pau Torres,Aston Villa,,,,,
Base,Base,22,Ezri Konsa,Aston Villa,,,,,
Base,Base,23,Matty Cash,Aston Villa,,,,,
Base,Base,24,Lucas Digne,Aston Villa,,,,,
Base,Base,25,Boubacar Kamara,Aston Villa,,,,,
Base,Base,26,Amadou Onana,Aston Villa,,,,,
Base,Base,27,John McGinn,Aston Villa,,,,,
Base,Base,28,Youri Tielemans,Aston Villa,,,,,
Base,Base,29,Jacob Ramsey,Aston Villa,,,,,
Base,Base,30,Morgan Rogers,Aston Villa,,,,,
Base,Base,31,Louie Barry,Aston Villa RC,,,,,
Base,Base,32,Donyell Malen,Aston Villa,,,,,
Base,Base,33,Ollie Watkins,Aston Villa,,,,,
Insert,Generation Now,34,Boubacar Kamara,Aston Villa (Generation Now),,,,,
Insert,Full Force,35,John McGinn,Aston Villa (Full Force),,,,,
Insert,Tekkers,36,Donyell Malen,Aston Villa (Tekkers),,,,,
Insert,Badge,37,Team Badge,AFC Bournemouth,,,,,
Base,Base,38,Kepa Arrizabalaga,AFC Bournemouth,,,,,
Base,Base,39,Illia Zabarnyi,AFC Bournemouth,,,,,
Base,Base,40,Dean Huijsen,AFC Bournemouth,,,,,
Base,Base,41,Julio Soler,AFC Bournemouth RC,,,,,
Base,Base,42,Milos Kerkez,AFC Bournemouth,,,,,
Base,Base,43,Tyler Adams,AFC Bournemouth,,,,,
Base,Base,44,Lewis Cook,AFC Bournemouth,,,,,
Base,Base,45,Ryan Christie,AFC Bournemouth,,,,,
Base,Base,46,Luis Sinisterra,AFC Bournemouth,,,,,
Base,Base,47,Antoine Semenyo,AFC Bournemouth,,,,,
Base,Base,48,Justin Kluivert,AFC Bournemouth,,,,,
Base,Base,49,Eli Junior Kroupi,AFC Bournemouth,,,,,
Base,Base,50,Dango Ouattara,AFC Bournemouth,,,,,
Base,Base,51,Evanilson,AFC Bournemouth,,,,,
Insert,Generation Now,52,Milos Kerkez,AFC Bournemouth (Generation Now),,,,,
Insert,Full Force,53,Illia Zabarnyi,AFC Bournemouth (Full Force),,,,,
Insert,Tekkers,54,Justin Kluivert,AFC Bournemouth (Tekkers),,,,,
Insert,Badge,55,Team Badge,Brentford,,,,,
Base,Base,56,Mark Flekken,Brentford,,,,,
Base,Base,57,Nathan Collins,Brentford,,,,,
Base,Base,58,Sepp van den Berg,Brentford,,,,,
Base,Base,59,Michael Kayode,Brentford,,,,,
Base,Base,60,Christian Nørgaard,Brentford,,,,,
Base,Base,61,Mathias Jensen,Brentford,,,,,
Base,Base,62,Vitaly Janelt,Brentford,,,,,
Base,Base,63,Mikkel Damsgaard,Brentford,,,,,
Base,Base,64,Fábio Carvalho,Brentford,,,,,
Base,Base,65,Kevin Schade,Brentford,,,,,
Base,Base,66,Keane Lewis-Potter,Brentford,,,,,
Base,Base,67,Gustavo Nunes,Brentford RC,,,,,
Base,Base,68,Bryan Mbeumo,Brentford,,,,,
Base,Base,69,Yoane Wissa,Brentford,,,,,
Insert,Generation Now,70,Fábio Carvalho,Brentford (Generation Now),,,,,
Insert,Full Force,71,Gustavo Nunes,Brentford (Full Force),,,,,
Insert,Tekkers,72,Kevin Schade,Brentford (Tekkers),,,,,
Insert,Badge,73,Team Badge,Brighton & Hove Albion,,,,,
Base,Base,74,Bart Verbruggen,Brighton & Hove Albion,,,,,
Base,Base,75,Jan Paul van Hecke,Brighton & Hove Albion,,,,,
Base,Base,76,Pervis Estupiñán,Brighton & Hove Albion,,,,,
Base,Base,77,Lewis Dunk,Brighton & Hove Albion,,,,,
Base,Base,78,Jack Hinshelwood,Brighton & Hove Albion,,,,,
Base,Base,79,Yankuba Minteh,Brighton & Hove Albion,,,,,
Base,Base,80,Carlos Baleba,Brighton & Hove Albion,,,,,
Base,Base,81,Yoon Do-young,Brighton & Hove Albion RC,,,,,
Base,Base,82,Yasin Ayari,Brighton & Hove Albion RC,,,,,
Base,Base,83,Kaoru Mitoma,Brighton & Hove Albion,,,,,
Base,Base,84,Stefanos Tzimas,Brighton & Hove Albion RC,,,,,
Base,Base,85,Danny Welbeck,Brighton & Hove Albion,,,,,
Base,Base,86,Georginio Rutter,Brighton & Hove Albion,,,,,
Base,Base,87,João Pedro,Brighton & Hove Albion,,,,,
Insert,Generation Now,88,Matt O’Riley,Brighton & Hove Albion (Generation Now),,,,,
Insert,Full Force,89,Carlos Baleba,Brighton & Hove Albion (Full Force),,,,,
Insert,Tekkers,90,Matt O’Riley,Brighton & Hove Albion (Tekkers),,,,,
Insert,Badge,91,Team Badge,Chelsea,,,,,
Base,Base,92,Robert Sánchez,Chelsea,,,,,
Base,Base,93,Levi Colwill,Chelsea,,,,,
Base,Base,94,Tosin Adarabioyo,Chelsea,,,,,
Base,Base,95,Reece James,Chelsea,,,,,
Base,Base,96,Marc Cucurella,Chelsea,,,,,
Base,Base,97,Harrison Murray-Campbell,Chelsea RC,,,,,
Base,Base,98,Moisés Caicedo,Chelsea,,,,,
Base,Base,99,Enzo Fernández,Chelsea,,,,,
Base,Base,100,Cole Palmer,Chelsea,,,,,
Base,Base,101,Kendry Páez,Chelsea RC,,,,,
Base,Base,102,Pedro Neto,Chelsea,,,,,
Base,Base,103,Noni Madueke,Chelsea,,,,,
Base,Base,104,Nicolas Jackson,Chelsea,,,,,
Base,Base,105,Estêvão,Chelsea RC,,,,,
Insert,Generation Now,106,Levi Colwill,Chelsea (Generation Now),,,,,
Insert,Full Force,107,Marc Cucurella,Chelsea (Full Force),,,,,
Insert,Tekkers,108,Noni Madueke,Chelsea (Tekkers),,,,,
Insert,Badge,109,Team Badge,Crystal Palace,,,,,
Base,Base,110,Dean Henderson,Crystal Palace,,,,,
Base,Base,111,Tyrick Mitchell,Crystal Palace,,,,,
Base,Base,112,Chadi Riad,Crystal Palace,,,,,
Base,Base,113,Maxence Lacroix,Crystal Palace,,,,,
Base,Base,114,Marc Guéhi,Crystal Palace,,,,,
Base,Base,115,Chris Richards,Crystal Palace,,,,,
Base,Base,116,Daniel Munoz,Crystal Palace,,,,,
Base,Base,117,Adam Wharton,Crystal Palace,,,,,
Base,Base,118,Romain Esse,Crystal Palace RC,,,,,
Base,Base,119,Daichi Kamada,Crystal Palace,,,,,
Base,Base,120,Eberechi Eze,Crystal Palace,,,,,
Base,Base,121,Ismaïla Sarr,Crystal Palace,,,,,
Base,Base,122,Eddie Nketiah,Crystal Palace,,,,,
Base,Base,123,Jean-Philippe Mateta,Crystal Palace,,,,,
Insert,Generation Now,124, Marc Guéhi,Crystal Palace (Generation Now),,,,,
Insert,Full Force,125,Tyrick Mitchell,Crystal Palace (Full Force),,,,,
Insert,Tekkers,126,Ismaïla Sarr,Crystal Palace (Tekkers),,,,,
Insert,Badge,127,Team Badge,Everton,,,,,
Base,Base,128,Jordan Pickford,Everton,,,,,
Base,Base,129,James Tarkowski,Everton,,,,,
Base,Base,130,Jarrad Branthwaite,Everton,,,,,
Base,Base,131,Vitalii Mykolenko,Everton,,,,,
Base,Base,132,Jake O'Brien,Everton,,,,,
Base,Base,133,Nathan Patterson,Everton,,,,,
Base,Base,134,Roman Dixon,Everton RC,,,,,
Base,Base,135,Tim Iroegbunam,Everton,,,,,
Base,Base,136,Harrison Armstrong,Everton RC,,,,,
Base,Base,137,James Garner,Everton,,,,,
Base,Base,138,Dwight McNeil,Everton,,,,,
Base,Base,139,Iliman Ndiaye,Everton,,,,,
Base,Base,140,Beto,Everton,,,,,
Base,Base,141,Youssef Chermiti,Everton,,,,,
Insert,Generation Now,142,Iliman Ndiaye,Everton (Generation Now),,,,,
Insert,Full Force,143,Vitalii Mykolenko,Everton (Full Force),,,,,
Insert,Tekkers,144,Iliman Ndiaye,Everton (Tekkers),,,,,
Insert,Badge,145,Team Badge,Fulham,,,,,
Base,Base,146,Bernd Leno,Fulham,,,,,
Base,Base,147,Calvin Bassey,Fulham,,,,,
Base,Base,148,Joachim Andersen,Fulham,,,,,
Base,Base,149,Sander Berge,Fulham,,,,,
Base,Base,150,Antonee Robinson,Fulham,,,,,
Base,Base,151,Saša Lukić,Fulham,,,,,
Base,Base,152,Josh King,Fulham RC,,,,,
Base,Base,153,Andreas Pereira,Fulham,,,,,
Base,Base,154,Alex Iwobi,Fulham,,,,,
Base,Base,155,Emile Smith Rowe,Fulham,,,,,
Base,Base,156,Harry Wilson,Fulham,,,,,
Base,Base,157,Adama Traoré,Fulham,,,,,
Base,Base,158,Rodrigo Muniz,Fulham,,,,,
Base,Base,159,Raúl Jiménez,Fulham,,,,,
Insert,Generation Now,160,Rodrigo Muniz,Fulham (Generation Now),,,,,
Insert,Full Force,161,Calvin Bassey,Fulham (Full Force),,,,,
Insert,Breakthrough Baller,162,Josh King,Fulham (Breakthrough Baller),,,,,
Insert,Badge,163,Team Badge,Liverpool FC,,,,,
Base,Base,164,Alisson Becker,Liverpool FC,,,,,
Base,Base,165,Virgil van Dijk,Liverpool FC,,,,,
Base,Base,166,Ibrahima Konaté,Liverpool FC,,,,,
Base,Base,167,Andy Robertson,Liverpool FC,,,,,
Base,Base,168,Conor Bradley,Liverpool FC,,,,,
Base,Base,169,Ryan Gravenberch,Liverpool FC,,,,,
Base,Base,170,Alexis Mac Allister,Liverpool FC,,,,,
Base,Base,171,Dominik Szoboszlai,Liverpool FC,,,,,
Base,Base,172,Rio Ngumoha,Liverpool FC RC,,,,,
Base,Base,173,Luis Diaz,Liverpool FC,,,,,
Base,Base,174,Mohamed Salah,Liverpool FC,,,,,
Base,Base,175,Cody Gakpo,Liverpool FC,,,,,
Base,Base,176,Diogo Jota,Liverpool FC,,,,,
Base,Base,177,Darwin Núñez,Liverpool FC,,,,,
Insert,Generation Now,178,Dominik Szoboszlai,Liverpool FC (Generation Now),,,,,
Insert,Full Force,179,Darwin Núñez,Liverpool FC (Full Force),,,,,
Insert,Tekkers,180,Luis Diaz,Liverpool FC (Tekkers),,,,,
Insert,Badge,181,Team Badge,Manchester City,,,,,
Base,Base,182,Ederson,Manchester City,,,,,
Base,Base,183,Rúben Dias,Manchester City,,,,,
Base,Base,184,Joško Gvardiol,Manchester City,,,,,
Base,Base,185,Vitor Reis,Manchester City RC,,,,,
Base,Base,186,Divine Mukasa,Manchester City RC,,,,,
Base,Base,187,Nico González,Manchester City,,,,,
Base,Base,188,Rodri,Manchester City,,,,,
Base,Base,189,Jérémy Doku,Manchester City,,,,,
Base,Base,190,Phil Foden,Manchester City,,,,,
Base,Base,191,Bernardo Silva,Manchester City,,,,,
Base,Base,192,Sávio,Manchester City,,,,,
Base,Base,193,Reigan Heskey,Manchester City RC,,,,,
Base,Base,194,Omar Marmoush,Manchester City,,,,,
Base,Base,195,Erling Haaland,Manchester City,,,,,
Insert,Generation Now,196,Jérémy Doku,Manchester City (Generation Now),,,,,
Insert,Full Force,197,Joško Gvardiol,Manchester City (Full Force),,,,,
Insert,Tekkers,198,Sávio,Manchester City (Tekkers),,,,,
Insert,Badge,199,Team Badge,Manchester United,,,,,
Base,Base,200,André Onana,Manchester United,,,,,
Base,Base,201,Matthijs de Ligt,Manchester United,,,,,
Base,Base,202,Leny Yoro,Manchester United,,,,,
Base,Base,203,Lisandro Martínez,Manchester United,,,,,
Base,Base,204,Diogo Dalot,Manchester United,,,,,
Base,Base,205,Sékou Koné,Manchester United RC,,,,,
Base,Base,206,Kobbie Mainoo,Manchester United,,,,,
Base,Base,207,Manuel Ugarte,Manchester United,,,,,
Base,Base,208,Bruno Fernandes,Manchester United,,,,,
Base,Base,209,Shea Lacey,Manchester United RC,,,,,
Base,Base,210,Alejandro Garnacho,Manchester United,,,,,
Base,Base,211,Amad,Manchester United,,,,,
Base,Base,212,Joshua Zirkzee,Manchester United,,,,,
Base,Base,213,Rasmus Højlund,Manchester United,,,,,
Insert,Generation Now,214,Kobbie Mainoo,Manchester United (Generation Now),,,,,
Insert,Full Force,215,Manuel Ugarte,Manchester United (Full Force),,,,,
Insert,Breakthrough Baller,216,Patrick Dorgu,Manchester United (Breakthrough Baller),,,,,
Insert,Badge,217,Team Badge,Newcastle United,,,,,
Base,Base,218,Nick Pope,Newcastle United,,,,,
Base,Base,219,Dan Burn,Newcastle United,,,,,
Base,Base,220,Sven Botman,Newcastle United,,,,,
Base,Base,221,Fabian Schär,Newcastle United,,,,,
Base,Base,222,Tino Livramento,Newcastle United,,,,,
Base,Base,223,Lewis Hall,Newcastle United,,,,,
Base,Base,224,Lewis Miley,Newcastle United,,,,,
Base,Base,225,Sandro Tonali,Newcastle United,,,,,
Base,Base,226,Joelinton,Newcastle United,,,,,
Base,Base,227,Bruno Guimarães,Newcastle United,,,,,
Base,Base,228,Jacob Murphy,Newcastle United,,,,,
Base,Base,229,Harvey Barnes,Newcastle United,,,,,
Base,Base,230,Anthony Gordon,Newcastle United,,,,,
Base,Base,231,Alexander Isak,Newcastle United,,,,,
Insert,Generation Now,232,Tino Livramento,Newcastle United (Generation Now),,,,,
Insert,Full Force,233,Joelinton,Newcastle United (Full Force),,,,,
Insert,Breakthrough Baller,234,Lewis Miley,Newcastle United (Breakthrough Baller),,,,,
Insert,Badge,235,Team Badge,Nottingham Forest,,,,,
Base,Base,236,Matz Sels,Nottingham Forest,,,,,
Base,Base,237,Nikola Milenković,Nottingham Forest,,,,,
Base,Base,238,Ola Aina,Nottingham Forest,,,,,
Base,Base,239,Murillo,Nottingham Forest,,,,,
Base,Base,240,Neco Williams,Nottingham Forest,,,,,
Base,Base,241,Zach Abbott,Nottingham Forest RC,,,,,
Base,Base,242,Ryan Yates,Nottingham Forest,,,,,
Base,Base,243,Ibrahim Sangaré,Nottingham Forest,,,,,
Base,Base,244,Elliot Anderson,Nottingham Forest,,,,,
Base,Base,245,Morgan Gibbs-White,Nottingham Forest,,,,,
Base,Base,246,Callum Hudson-Odoi,Nottingham Forest,,,,,
Base,Base,247,Anthony Elanga,Nottingham Forest,,,,,
Base,Base,248,Taiwo Awoniyi,Nottingham Forest,,,,,
Base,Base,249,Chris Wood,Nottingham Forest,,,,,
Insert,Generation Now,250,Murillo,Nottingham Forest (Generation Now),,,,,
Insert,Full Force,251,Ola Aina,Nottingham Forest (Full Force),,,,,
Insert,Tekkers,252,Anthony Elanga,Nottingham Forest (Tekkers),,,,,
Insert,Badge,253,Team Badge,Tottenham Hotspur,,,,,
Base,Base,254,Antonín Kinský,Tottenham Hotspur RC,,,,,
Base,Base,255,Pedro Porro,Tottenham Hotspur,,,,,
Base,Base,256,Micky van de Ven,Tottenham Hotspur,,,,,
Base,Base,257,Cristian Romero,Tottenham Hotspur,,,,,
Base,Base,258,Destiny Udogie,Tottenham Hotspur,,,,,
Base,Base,259,Archie Gray,Tottenham Hotspur,,,,,
Base,Base,260,Dejan Kulusevski,Tottenham Hotspur,,,,,
Base,Base,261,Lucas Bergvall,Tottenham Hotspur,,,,,
Base,Base,262,James Maddison,Tottenham Hotspur,,,,,
Base,Base,263,Will Lankshear,Tottenham Hotspur RC,,,,,
Base,Base,264,Son Heung-Min,Tottenham Hotspur,,,,,
Base,Base,265,Brennan Johnson,Tottenham Hotspur,,,,,
Base,Base,266,Mikey Moore,Tottenham Hotspur,,,,,
Base,Base,267,Dominic Solanke,Tottenham Hotspur,,,,,
Insert,Generation Now,268,Lucas Bergvall,Tottenham Hotspur (Generation Now),,,,,
Insert,Full Force,269,Mikey Moore,Tottenham Hotspur (Full Force),,,,,
Insert,Breakthrough Baller,270,Archie Gray,Tottenham Hotspur (Breakthrough Baller),,,,,
Insert,Badge,271,Team Badge,West Ham United,,,,,
Base,Base,272,Alphonse Areola,West Ham United,,,,,
Base,Base,273,Jean-Clair Todibo,West Ham United,,,,,
Base,Base,274,Maximilian Kilman,West Ham United,,,,,
Base,Base,275,Aaron Wan-Bissaka,West Ham United,,,,,
Base,Base,276,Emerson Palmieri,West Ham United,,,,,
Base,Base,277,Oliver Scarles,West Ham United,,,,,
Base,Base,278,Tomáš Souček,West Ham United,,,,,
Base,Base,279,Edson Ãlvarez,West Ham United,,,,,
Base,Base,280,Guido Rodríguez,West Ham United,,,,,
Base,Base,281,Mohammed Kudus,West Ham United,,,,,
Base,Base,282,Niclas Füllkrug,West Ham United,,,,,
Base,Base,283,Crysencio Summerville,West Ham United,,,,,
Base,Base,284,Jarrod Bowen,West Ham United,,,,,
Base,Base,285,Luis Guilherme,West Ham United RC,,,,,
Insert,Generation Now,286,Crysencio Summerville,West Ham United (Generation Now),,,,,
Insert,Full Force,287,Aaron Wan-Bissaka,West Ham United (Full Force),,,,,
Insert,Breakthrough Baller,288,Luis Guilherme,West Ham United (Breakthrough Baller),,,,,
Insert,Badge,289,Team Badge,Wolverhampton Wanderers,,,,,
Base,Base,290,José Sá,Wolverhampton Wanderers,,,,,
Base,Base,291,Nélson Semedo,Wolverhampton Wanderers,,,,,
Base,Base,292,Nasser Djiga,Wolverhampton Wanderers RC,,,,,
Base,Base,293,Emmanuel Agbadou,Wolverhampton Wanderers,,,,,
Base,Base,294,Toti Gomes,Wolverhampton Wanderers,,,,,
Base,Base,295,Rayan Aït-Nouri,Wolverhampton Wanderers,,,,,
Base,Base,296,Marshall Munetsi,Wolverhampton Wanderers,,,,,
Base,Base,297,André,Wolverhampton Wanderers,,,,,
Base,Base,298,João Gomes,Wolverhampton Wanderers,,,,,
Base,Base,299,Rodrigo Gomes,Wolverhampton Wanderers,,,,,
Base,Base,300,Gonçalo Guedes,Wolverhampton Wanderers,,,,,
Base,Base,301,Hwang Hee-Chan,Wolverhampton Wanderers,,,,,
Base,Base,302, Jørgen Strand Larsen,Wolverhampton Wanderers,,,,,
Base,Base,303,Matheus Cunha,Wolverhampton Wanderers,,,,,
Insert,Generation Now,304,João Gomes,Wolverhampton Wanderers (Generation Now),,,,,
Insert,Full Force,305,Nasser Djiga,Wolverhampton Wanderers (Full Force),,,,,
Insert,Breakthrough Baller,306,André,Wolverhampton Wanderers (Breakthrough Baller),,,,,
Insert,Badge,307,Team Badge,Burnley,,,,,
Base,Base,308,James Trafford,Burnley,,,,,
Base,Base,309,Maxime Estève,Burnley,,,,,
Base,Base,310,Bashir Humphreys,Burnley RC,,,,,
Base,Base,311,Connor Roberts,Burnley,,,,,
Base,Base,312,Lucas Pires,Burnley,,,,,
Base,Base,313,Josh Laurent,Burnley RC,,,,,
Base,Base,314,Josh Cullen,Burnley,,,,,
Base,Base,315,Josh Brownhill,Burnley,,,,,
Base,Base,316,Hannibal,Burnley,,,,,
Base,Base,317,Marcus Edwards,Burnley,,,,,
Base,Base,318,Lyle Foster,Burnley,,,,,
Base,Base,319,Luca Koleosho,Burnley,,,,,
Base,Base,320,Jaidon Anthony,Burnley,,,,,
Base,Base,321,Jaydon Banel,Burnley RC,,,,,
Insert,Generation Now,322,Lucas Pires,Burnley (Generation Now),,,,,
Insert,Full Force,323,Josh Cullen,Burnley (Full Force),,,,,
Insert,Breakthrough Baller,324,Luca Koleosho,Burnley (Breakthrough Baller),,,,,
Insert,Badge,325,Team Badge,Leeds,,,,,
Base,Base,326,Illan Meslier,Leeds,,,,,
Base,Base,327,Joe Rodon,Leeds,,,,,
Base,Base,328,Pascal Struijk,Leeds,,,,,
Base,Base,329,Jayden Bogle,Leeds,,,,,
Base,Base,330,Ethan Ampadu,Leeds,,,,,
Base,Base,331,Ao Tanaka,Leeds,,,,,
Base,Base,332,Brenden Aaronson,Leeds,,,,,
Base,Base,333,Ilia Gruev,Leeds,,,,,
Base,Base,334,Harry Gray,Leeds RC,,,,,
Base,Base,335,Mateo Joseph,Leeds RC,,,,,
Base,Base,336,Wilfried Gnonto,Leeds,,,,,
Base,Base,337,Daniel James,Leeds,,,,,
Base,Base,338,Patrick Bamford,Leeds,,,,,
Base,Base,339,JoÃ«l Piroe,Leeds RC,,,,,
Insert,Generation Now,340,Mateo Joseph,Leeds (Generation Now),,,,,
Insert,Full Force,341,Pascal Struijk,Leeds (Full Force),,,,,
Insert,Breakthrough Baller,342,Harry Gray,Leeds (Breakthrough Baller),,,,,
Insert,Badge,343,Team Badge,Sunderland,,,,,
Base,Base,344,Anthony Patterson,Sunderland RC,,,,,
Base,Base,345,Trai Hume,Sunderland RC,,,,,
Base,Base,346,Dennis Cirkin,Sunderland RC,,,,,
Base,Base,347,Luke O’Nien,Sunderland RC,,,,,
Base,Base,348,Daniel Ballard,Sunderland RC,,,,,
Base,Base,349,Chris Rigg,Sunderland RC,,,,,
Base,Base,350,Dan Neil,Sunderland RC,,,,,
Base,Base,351,Alan Browne,Sunderland RC,,,,,
Base,Base,352,Jobe Bellingham,Sunderland RC,,,,,
Base,Base,353,Enzo Le Fée,Sunderland,,,,,
Base,Base,354,Romaine Mundle,Sunderland RC,,,,,
Base,Base,355,Patrick Roberts,Sunderland,,,,,
Base,Base,356,Eliezer Mayenda,Sunderland RC,,,,,
Base,Base,357,Wilson Isidor,Sunderland RC,,,,,
Insert,Generation Now,358,Jobe Bellingham,Sunderland (Generation Now),,,,,
Insert,Full Force,359,Wilson Isidor,Sunderland (Full Force),,,,,
Insert,Breakthrough Baller,360,Chris Rigg,Sunderland (Breakthrough Baller),,,,,
Pro Partnerships,,361,William Saliba/Gabriel Magalhães,Arsenal,,,,,
Pro Partnerships,,362,Amadou Onana/Youri Tielemans,Aston Villa,,,,,
Pro Partnerships,,363,Antoine Semenyo/Dango Ouattara,AFC Bournemouth,,,,,
Pro Partnerships,,364,Nathan Collins/Sepp van den Berg,Brentford,,,,,
Pro Partnerships,,365,Kaoru Mitoma/Simon Adingra,Brighton & Hove Albion,,,,,
Pro Partnerships,,366,Ricardo Carvalho/John Terry,Chelsea,,,,,
Pro Partnerships,,367,Moisés Caicedo/Enzo Fernández,Chelsea,,,,,
Pro Partnerships,,368,Daichi Kamada/Adam Wharton,Crystal Palace,,,,,
Pro Partnerships,,369,James Tarkowski/Jarrad Branthwaite,Everton,,,,,
Pro Partnerships,,370,Enzo Le Fée/Patrick Roberts,Sunderland,,,,,
Pro Partnerships,,371,Ryan Gravenberch/Alexis Mac Allister,Liverpool FC,,,,,
Pro Partnerships,,372,Phil Foden/Bernardo Silva,Manchester City,,,,,
Pro Partnerships,,373,Bruno Fernandes/Rasmus Højlund,Manchester United,,,,,
Pro Partnerships,,374, Bruno Guimarães/Joelinton,Newcastle United,,,,,
Pro Partnerships,,375,Ola Aina/Callum Hudson-Odoi,Nottingham Forest,,,,,
Pro Partnerships,,376,Brennan Johnson/Dejan Kulusevski,Tottenham Hotspur,,,,,
Pro Partnerships,,377,Darren Anderton/Teddy Sheringham,Tottenham Hotspur,,,,,
Pro Partnerships,,378,Gonçalo Guedes/Jørgen Strand Larsen,Wolverhampton Wanderers,,,,,
Pro Partnerships,,379,Maxime Estève/Lucas Pires,Burnley,,,,,
Pro Partnerships,,380,Joe Rodon/Ethan Ampadu,Leeds,,,,,
Retro Threads,,381,Ian Wright,Arsenal,,,,,
Retro Threads,,382,Stiliyan Petrov,Aston Villa,,,,,
Retro Threads,,383,Simon Francis,AFC Bournemouth,,,,,
Retro Threads,,384,Eric Cantona,Manchester United,,,,,
Retro Threads,,385,Christian Nørgaard,Brentford,,,,,
Retro Threads,,386,Glenn Murray,Brighton & Hove Albion,,,,,
Retro Threads,,387,Frank Lampard,Chelsea,,,,,
Retro Threads,,388,Andrew Johnson,Crystal Palace,,,,,
Retro Threads,,389,Joleon Lescott,Everton,,,,,
Retro Threads,,390,Louis Saha,Fulham,,,,,
Retro Threads,,391,Jamie Carragher,Liverpool FC,,,,,
Retro Threads,,392,Micah Richards,Manchester City,,,,,
Retro Threads,,393,Gary Neville,Manchester United,,,,,
Retro Threads,,394,Faustino Asprilla,Newcastle United,,,,,
Retro Threads,,395,Stan Collymore,Nottingham Forest,,,,,
Retro Threads,,396,Robbie Keane,Tottenham Hotspur,,,,,
Retro Threads,,397,Mark Noble,West Ham United,,,,,
Retro Threads,,398,Kevin Doyle,Wolverhampton Wanderers,,,,,
Retro Threads,,399,Aaron Lennon,Burnley,,,,,
Retro Threads,,400,Jimmy Floyd Hasselbaink,Leeds,,,,,
Pro Precision,,401,Kai Havertz,Arsenal,,,,,
Pro Precision,,402,Ollie Watkins,Aston Villa,,,,,
Pro Precision,,403,Dango Ouattara,AFC Bournemouth,,,,,
Pro Precision,,404,Mikkel Damsgaard,Brentford,,,,,
Pro Precision,,405,Danny Welbeck,Brighton & Hove Albion,,,,,
Pro Precision,,406,Nicolas Jackson,Chelsea,,,,,
Pro Precision,,407,Eddie Nketiah,Crystal Palace,,,,,
Pro Precision,,408,Beto,Everton,,,,,
Pro Precision,,409,Robbie Fowler,Liverpool FC,,,,,
Pro Precision,,410,Diogo Jota,Liverpool FC,,,,,
Pro Precision,,411,Phil Foden,Manchester City,,,,,
Pro Precision,,412,Bruno Fernandes,Manchester United,,,,,
Pro Precision,,413,Wayne Rooney,Manchester United,,,,,
Pro Precision,,414,Anthony Gordon,Newcastle United,,,,,
Pro Precision,,415,Taiwo Awoniyi,Nottingham Forest,,,,,
Pro Precision,,416,Brennan Johnson,Tottenham Hotspur,,,,,
Pro Precision,,417,Mohammed Kudus,West Ham United,,,,,
Pro Precision,,418,Jørgen Strand Larsen,Wolverhampton Wanderers,,,,,
Pro Precision,,419,Josh Brownhill,Burnley,,,,,
Pro Precision,,420,Patrick Bamford,Leeds,,,,,
Beast Mode,,421,Declan Rice,Arsenal,,,,,
Beast Mode,,422,Morgan Rogers,Aston Villa,,,,,
Beast Mode,,423,Evanilson,AFC Bournemouth,,,,,
Beast Mode,,424,Yoane Wissa,Brentford,,,,,
Beast Mode,,425,Georginio Rutter,Brighton & Hove Albion,,,,,
Beast Mode,,426,Enzo FernÃ¡ndez,Chelsea,,,,,
Beast Mode,,427,Jean-Philippe Mateta,Crystal Palace,,,,,
Beast Mode,,428,Beto,Everton,,,,,
Beast Mode,,429,Ibrahima Konate,Liverpool FC,,,,,
Beast Mode,,430,Virgil van Dijk,Liverpool FC,,,,,
Beast Mode,,431,Rodri,Manchester City,,,,,
Beast Mode,,432,Alejandro Garnacho,Manchester United,,,,,
Beast Mode,,433,Sandro Tonali,Newcastle United,,,,,
Beast Mode,,434,Chris Wood,Nottingham Forest,,,,,
Beast Mode,,435,Ledley King,Tottenham Hotspur,,,,,
Beast Mode,,436,Dominic Solanke,Tottenham Hotspur,,,,,
Beast Mode,,437,Emerson Palmieri,West Ham United,,,,,
Beast Mode,,438,Hwang Hee-chan,Wolverhampton Wanderers,,,,,
Beast Mode,,439,Hannibal,Burnley,,,,,
Beast Mode,,440,Daniel James,Leeds,,,,,
Headlines,,441,Martin Ødegaard,Arsenal,,,,,
Headlines,,442,Emiliano Martínez,Aston Villa,,,,,
Headlines,,443,Kevin Schade,Brentford,,,,,
Headlines,,444,Pedro Neto,Chelsea,,,,,
Headlines,,445,Jordan Pickford,Everton,,,,,
Headlines,,446,Cody Gakpo,Liverpool FC,,,,,
Headlines,,447,Jérémy Doku,Manchester City,,,,,
Headlines,,448,Amad,Manchester United,,,,,
Headlines,,449,Jacob Murphy,Newcastle United,,,,,
Headlines,,450,James Maddison,Tottenham Hotspur,,,,,
Inserts,Chrome Kings,CK 1,Cesc Fàbregas,Arsenal,,,,,
Inserts,Chrome Kings,CK 2,Dwight Yorke,Aston Villa,,,,,
Inserts,Chrome Kings,CK 3,Adam Smith,AFC Bournemouth,,,,,
Inserts,Chrome Kings,CK 4,Christian Nørgaard,Brentford,,,,,
Inserts,Chrome Kings,CK 5,Lewis Dunk,Brighton & Hove Albion,,,,,
Inserts,Chrome Kings,CK 6,Gianfranco Zola,Chelsea,,,,,
Inserts,Chrome Kings,CK 7,Didier Drogba,Chelsea,,,,,
Inserts,Chrome Kings,CK 8,Nathaniel Clyne,Crystal Palace,,,,,
Inserts,Chrome Kings,CK 9,Séamus Coleman,Everton,,,,,
Inserts,Chrome Kings,CK 10,Clint Dempsey,Fulham,,,,,
Inserts,Chrome Kings,CK 11,Xabi Alonso,Liverpool FC,,,,,
Inserts,Chrome Kings,CK 12,Steven Gerrard,Liverpool FC,,,,,
Inserts,Chrome Kings,CK 13,David Silva,Manchester City,,,,,
Inserts,Chrome Kings,CK 14,Sergio Agüero,Manchester City,,,,,
Inserts,Chrome Kings,CK 15,Nemanja Vidić,Manchester United,,,,,
Inserts,Chrome Kings,CK 16,Andy Cole,Newcastle United,,,,,
Inserts,Chrome Kings,CK 17,Roy Keane,Nottingham Forest,,,,,
Inserts,Chrome Kings,CK 18,Gareth Bale,Tottenham Hotspur,,,,,
Inserts,Chrome Kings,CK 19,Bobby Zamora,West Ham United,,,,,
Inserts,Chrome Kings,CK 20,Paul Ince,Wolverhampton Wanderers,,,,,
Inserts,Gold Lions,GL 1,Bukayo Saka,Arsenal,,,,,
Inserts,Gold Lions,GL 2,Ollie Watkins,Aston Villa,,,,,
Inserts,Gold Lions,GL 3,Evanilson,AFC Bournemouth,,,,,
Inserts,Gold Lions,GL 4,Bryan Mbeumo,Brentford,,,,,
Inserts,Gold Lions,GL 5,Kaoru Mitoma,Brighton & Hove Albion,,,,,
Inserts,Gold Lions,GL 6,Cole Palmer,Chelsea,,,,,
Inserts,Gold Lions,GL 7,Eden Hazard,Chelsea,,,,,
Inserts,Gold Lions,GL 8,Eberechi Eze,Crystal Palace,,,,,
Inserts,Gold Lions,GL 9,Iliman Ndiaye,Everton,,,,,
Inserts,Gold Lions,GL 10,Amad,Manchester United,,,,,
Inserts,Gold Lions,GL 11,Mohamed Salah,Liverpool FC,,,,,
Inserts,Gold Lions,GL 12,Erling Haaland,Manchester City,,,,,
Inserts,Gold Lions,GL 13,Alejandro Garnacho,Manchester United,,,,,
Inserts,Gold Lions,GL 14,Alexander Isak,Newcastle United,,,,,
Inserts,Gold Lions,GL 15,Morgan Gibbs-White,Nottingham Forest,,,,,
Inserts,Gold Lions,GL 16,Son Heung-Min,Tottenham Hotspur,,,,,
Inserts,Gold Lions,GL 17,Jarrod Bowen,West Ham United,,,,,
Inserts,Gold Lions,GL 18,Matheus Cunha,Wolverhampton Wanderers,,,,,
Inserts,Gold Lions,GL 19,Josh Brownhill,Burnley,,,,,
Inserts,Gold Lions,GL 20,Ao Tanaka,Leeds,,,,,
Inserts,Classic Limited Edition,LE 1,David Raya,Arsenal,,,,,
Inserts,Classic Limited Edition,LE 2,Youri Tielemans,Aston Villa,,,,,
Inserts,Classic Limited Edition,LE 3,Luis Sinisterra,AFC Bournemouth,,,,,
Inserts,Classic Limited Edition,LE 4,Fábio Carvalho,Brentford,,,,,
Inserts,Classic Limited Edition,LE 5,Pervis Estupiñán,Brighton & Hove Albion,,,,,
Inserts,Classic Limited Edition,LE 6,Pedro Neto,Chelsea,,,,,
Inserts,Classic Limited Edition,LE 7,Jean-Philippe Mateta,Crystal Palace,,,,,
Inserts,Classic Limited Edition,LE 8,James Tarkowski,Everton,,,,,
Inserts,Classic Limited Edition,LE 9,Duncan Ferguson,Everton,,,,,
Inserts,Classic Limited Edition,LE 10,Paul Scholes,Manchester United,,,,,
Inserts,Classic Limited Edition,LE 11,Alisson Becker,Liverpool FC,,,,,
Inserts,Classic Limited Edition,LE 12,Bernardo Silva,Manchester City,,,,,
Inserts,Classic Limited Edition,LE 13,Leny Yoro,Manchester United,,,,,
Inserts,Classic Limited Edition,LE 14,Lewis Hall,Newcastle United,,,,,
Inserts,Classic Limited Edition,LE 15,Elliot Anderson,Nottingham Forest,,,,,
Inserts,Classic Limited Edition,LE 16,Micky van de Ven,Tottenham Hotspur,,,,,
Inserts,Classic Limited Edition,LE 17,Aaron Wan-Bissaka,West Ham United,,,,,
Inserts,Classic Limited Edition,LE 18,Rayan Aït-Nouri,Wolverhampton Wanderers,,,,,
Inserts,Classic Limited Edition,LE 19,Connor Roberts,Burnley,,,,,
Inserts,Classic Limited Edition,LE 20,Brenden Aaronson,Leeds,,,,,
Inserts,Goal Machine Limited Edition,GM 1,Ollie Watkins,Aston Villa,,,,,
Inserts,Goal Machine Limited Edition,GM 2,Erling Haaland,Manchester City,,,,,
Inserts,Goal Machine Limited Edition,GM 3,Chris Wood,Nottingham Forest,,,,,
Inserts,Big Game Baller Limited Edition,WC 1,Martin Ødegaard,Arsenal,,,,,
Inserts,Big Game Baller Limited Edition,WC 2,Cole Palmer,Chelsea,,,,,
Inserts,Big Game Baller Limited Edition,WC 3,Alexis Mac Allister,Liverpool FC,,,,,
Inserts,Big Game Baller Limited Edition,BGB 1,Bukayo Saka,Arsenal,,,,,
Inserts,Big Game Baller Limited Edition,BGB 1,Luis Diaz,Liverpool FC,,,,,
Inserts,Big Game Baller Limited Edition,BGB 1,Bruno Fernandes,Manchester United,,,,,
Inserts,Hall of Fame Limited Edition,HOF 1,Frank Lampard,Chelsea,,,,,
Inserts,Hall of Fame Limited Edition,HOF 2,Steven Gerrard,Liverpool FC,,,,,
Inserts,Hall of Fame Limited Edition,HOF 3,Eric Cantona,Manchester United,,,,,
Inserts,Hall of Fame Limited Edition,HOF 4,Dennis Bergkamp,Arsenal,,,,,
Inserts,Hall of Fame Limited Edition,HOF 5,Sergio Agüero,Manchester City,,,,,
Inserts,Hall of Fame Limited Edition,HOF 6,Rio Ferdinand,Manchester United,,,,,
Inserts,Hall of Fame Limited Edition,HOF 7,Patrick Vieira,Arsenal,,,,,
Inserts,Hall of Fame Limited Edition,HOF 8,John Terry,Chelsea,,,,,
Inserts,Hall of Fame Limited Edition,HOF 9,Roy Keane,Manchester United,,,,,
Inserts,Golden Boot Limited Edition,GB 1,Thierry Henry,Arsenal,,,,,
Inserts,Golden Boot Limited Edition,GB 2,Didier Drogba,Chelsea,,,,,
Inserts,Golden Boot Limited Edition,GB 3,Michael Owen,Liverpool FC,,,,,
Inserts,Golden Boot Limited Edition,GB 4,Mohamed Salah,Liverpool FC,,,,,
Inserts,Golden Boot Limited Edition,GB 5,Erling Haaland,Manchester City,,,,,
Inserts,Golden Boot Limited Edition,GB 6,Andy Cole,Newcastle United,,,,,
Inserts,Golden Boot Limited Edition,GB 7,Alan Shearer,Newcastle United,,,,,
Inserts,Festive Freeze,FF 1,Jordan Pickford,Everton,,,,,
Inserts,Festive Freeze,FF 2,Tariq Lamptey,Brighton & Hove Albion,,,,,
Inserts,Festive Freeze,FF 3,Leighton Baines,Everton,,,,,
Inserts,Festive Freeze,FF 4,Virgil van Dijk,Liverpool FC,,,,,
Inserts,Festive Freeze,FF 5,Maxime Estève,Burnley,,,,,
Inserts,Festive Freeze,FF 6,Marc Guéhi,Crystal Palace,,,,,
Inserts,Festive Freeze,FF 7,Bukayo Saka,Arsenal,,,,,
Inserts,Festive Freeze,FF 8,Steven Gerrard,Liverpool FC,,,,,
Inserts,Festive Freeze,FF 9,Erling Haaland,Manchester City,,,,,
Inserts,Festive Freeze,FF 10,Sergio Agüero,Manchester City,,,,,
Inserts,Festive Freeze,FF 11,Yoane Wissa,Brentford,,,,,
Inserts,Festive Freeze,FF 12,Tyler Adams,AFC Bournemouth,,,,,
Inserts,Festive Freeze,FF 13,Michael Ballack,Chelsea,,,,,
Inserts,Festive Freeze,FF 14,Alexander Isak,Newcastle United,,,,,
Inserts,Festive Freeze,FF 15,Nemanja Vidić,Manchester United,,,,,
Inserts,Festive Freeze,FF 16,Amad,Manchester United,,,,,
Inserts,Festive Freeze,FF 17,Yankuba Minteh,Brighton & Hove Albion,,,,,
Inserts,Festive Freeze,FF 18,Emile Heskey,Aston Villa,,,,,
Inserts,Festive Freeze,FF 19,Dominic Solanke,Tottenham Hotspur,,,,,
Inserts,Festive Freeze,FF 20,Jarrod Bowen,West Ham United,,,,,
Inserts,Festive Freeze,FF 21,Anthony Elanga,Nottingham Forest,,,,,
Inserts,Festive Freeze,FF 22,Nélson Semedo,Wolverhampton Wanderers,,,,,
Inserts,Festive Freeze,FF 23,Emiliano Martínez,Aston Villa,,,,,
Inserts,Festive Freeze,FF 24,Reece James,Chelsea,,,,,
Inserts,Diamond Rookie Cards,,Julio Soler,AFC Bournemouth,,,,,
Inserts,Diamond Rookie Cards,,Stefanos Tzimas,Brighton & Hove Albion,,,,,
Inserts,Diamond Rookie Cards,,Kendry Páez,Chelsea,,,,,
Inserts,Diamond Rookie Cards,,Estêvão,Chelsea,,,,,
Inserts,Diamond Rookie Cards,,Romain Esse,Crystal Palace,,,,,
Inserts,Diamond Rookie Cards,,Rio Ngumoha,Liverpool FC,,,,,
Inserts,Diamond Rookie Cards,,Claudio Echeverri,Manchester City,,,,,
Inserts,Diamond Rookie Cards,,Reigan Heskey,Manchester City,,,,,
Inserts,Diamond Rookie Cards,,Sékou Koné,Manchester United,,,,,
Inserts,Diamond Rookie Cards,,Shea Lacey,Manchester United,,,,,
Inserts,Premier Pull,,Declan Rice,Arsenal,,,,,
Inserts,Premier Pull,,Jacob Ramsey,Aston Villa,,,,,
Inserts,Premier Pull,,Justin Kluivert,AFC Bournemouth,,,,,
Inserts,Premier Pull,,Gustavo Nunes,Brentford,,,,,
Inserts,Premier Pull,,Stefanos Tzimas,Brighton & Hove Albion,,,,,
Inserts,Premier Pull,,Estêvão,Chelsea,,,,,
Inserts,Premier Pull,,Marc Guéhi,Crystal Palace,,,,,
Inserts,Premier Pull,,Jarrad Branthwaite,Everton,,,,,
Inserts,Premier Pull,,John Terry,Chelsea,,,,,
Inserts,Premier Pull,,Cody Gakpo,Liverpool FC,,,,,
Inserts,Premier Pull,,Abdukodir Khusanov,Manchester City,,,,,
Inserts,Premier Pull,,Nico González,Manchester City,,,,,
Inserts,Premier Pull,,Kobbie Mainoo,Manchester United,,,,,
Inserts,Premier Pull,,Eric Cantona,Manchester United,,,,,
Inserts,Premier Pull,,Bruno Guimarães,Newcastle United,,,,,
Inserts,Premier Pull,,Zach Abbott,Nottingham Forest,,,,,
Inserts,Premier Pull,,Lucas Bergvall,Tottenham Hotspur,,,,,
Inserts,Premier Pull,,Gonçalo Guedes,Wolverhampton Wanderers,,,,,
Inserts,Premier Pull,,James Trafford,Burnley FC,,,,,
Inserts,Premier Pull,,Joël Piroe,Leeds United,,,,,
Inserts,Black Edge Edition,,Ethan Nwaneri,Arsenal,,,,,
Inserts,Black Edge Edition,,Kai Havertz,Arsenal,,,,,
Inserts,Black Edge Edition,,Thierry Henry,Arsenal,,,,,
Inserts,Black Edge Edition,,Ollie Watkins,Aston Villa,,,,,
Inserts,Black Edge Edition,,Donyell Malen,Aston Villa,,,,,
Inserts,Black Edge Edition,,Dion Dublin,Aston Villa,,,,,
Inserts,Black Edge Edition,,Justin Kluivert,AFC Bournemouth,,,,,
Inserts,Black Edge Edition,,Yoane Wissa,Brentford,,,,,
Inserts,Black Edge Edition,,Bryan Mbeumo,Brentford,,,,,
Inserts,Black Edge Edition,,Matt O’Riley,Brighton & Hove Albion,,,,,
Inserts,Black Edge Edition,,Danny Welbeck,Brighton & Hove Albion,,,,,
Inserts,Black Edge Edition,,Kendry Páez,Chelsea,,,,,
Inserts,Black Edge Edition,,Cole Palmer,Chelsea,,,,,
Inserts,Black Edge Edition,,Eden Hazard,Chelsea,,,,,
Inserts,Black Edge Edition,,Eberechi Eze,Crystal Palace,,,,,
Inserts,Black Edge Edition,,Eddie Nketiah,Crystal Palace,,,,,
Inserts,Black Edge Edition,,Jordan Pickford,Everton,,,,,
Inserts,Black Edge Edition,,Dwight McNeil,Everton,,,,,
Inserts,Black Edge Edition,,Antonee Robinson,Fulham,,,,,
Inserts,Black Edge Edition,,Clint Dempsey,Fulham,,,,,
Inserts,Black Edge Edition,,Andreas Pereira,Fulham,,,,,
Inserts,Black Edge Edition,,Fernando Torres,Liverpool FC,,,,,
Inserts,Black Edge Edition,,Rio Ngumoha,Liverpool FC,,,,,
Inserts,Black Edge Edition,,Mohamed Salah,Liverpool FC,,,,,
Inserts,Black Edge Edition,,Diogo Jota,Liverpool FC,,,,,
Inserts,Black Edge Edition,,Claudio Echeverri,Manchester City,,,,,
Inserts,Black Edge Edition,,Carlos Tevez,Manchester City,,,,,
Inserts,Black Edge Edition,,Erling Haaland,Manchester City,,,,,
Inserts,Black Edge Edition,,Omar Marmoush,Manchester City,,,,,
Inserts,Black Edge Edition,,Kobbie Mainoo,Manchester United,,,,,
Inserts,Black Edge Edition,,Alejandro Garnacho,Manchester United,,,,,
Inserts,Black Edge Edition,,Ruud van Nistelrooy,Manchester United,,,,,
Inserts,Black Edge Edition,,Bruno Guimarães,Newcastle United,,,,,
Inserts,Black Edge Edition,,Sandro Tonali,Newcastle United,,,,,
Inserts,Black Edge Edition,,Alan Shearer,Newcastle United,,,,,
Inserts,Black Edge Edition,,Morgan Gibbs-White,Nottingham Forest,,,,,
Inserts,Black Edge Edition,,Chris Wood,Nottingham Forest,,,,,
Inserts,Black Edge Edition,,Dejan Kulusevski,Tottenham Hotspur,,,,,
Inserts,Black Edge Edition,,Son Heung-Min,Tottenham Hotspur,,,,,
Inserts,Black Edge Edition,,Dimitar Berbatov,Tottenham Hotspur,,,,,
Inserts,Black Edge Edition,,Joe Cole,West Ham United,,,,,
Inserts,Black Edge Edition,,Luis Guilherme,West Ham United,,,,,
Inserts,Black Edge Edition,,André,Wolverhampton Wanderers,,,,,
Inserts,Black Edge Edition,,Paul Ince,Wolverhampton Wanderers,,,,,
Inserts,Black Edge Edition,,Matheus Cunha,Wolverhampton Wanderers,,,,,
Inserts,Black Edge Edition,,Josh Brownhill,Burnley FC,,,,,
Inserts,Black Edge Edition,,Marcus Edwards,Burnley FC,,,,,
Inserts,Black Edge Edition,,Wilfried Gnonto,Leeds United,,,,,
Inserts,Black Edge Edition,,Daniel James,Leeds United,,,,,
Inserts,Black Edge Edition,,Jimmy Floyd Hasselbaink,Leeds United,,,,,
Inserts,Perfect Storm,,Martin Ødegaard,Arsenal,,,,,
Inserts,Perfect Storm,,Morgan Rogers,Aston Villa,,,,,
Inserts,Perfect Storm,,Tyler Adams,AFC Bournemouth,,,,,
Inserts,Perfect Storm,,Bryan Mbeumo,Brentford,,,,,
Inserts,Perfect Storm,,João Pedro,Brighton & Hove Albion,,,,,
Inserts,Perfect Storm,,Estêvão,Chelsea,,,,,
Inserts,Perfect Storm,,EberechiEze,Crystal Palace,,,,,
Inserts,Perfect Storm,,Dwight McNeil,Everton,,,,,
Inserts,Perfect Storm,,Darwin Núñez,Liverpool FC,,,,,
Inserts,Perfect Storm,,Mohamed Salah,Liverpool FC,,,,,
Inserts,Perfect Storm,,Luis Suárez,Liverpool FC,,,,,
Inserts,Perfect Storm,,Erling Haaland,Manchester City,,,,,
Inserts,Perfect Storm,,Amad,Manchester United,,,,,
Inserts,Perfect Storm,,Alexander Isak,Newcastle United,,,,,
Inserts,Perfect Storm,,Anthony Elanga,Nottingham Forest,,,,,
Inserts,Perfect Storm,,Dominic Solanke,Tottenham Hotspur,,,,,
Inserts,Perfect Storm,,Mohammed Kudus,West Ham United,,,,,
Inserts,Perfect Storm,,João Gomes,Wolverhampton Wanderers,,,,,
Inserts,Perfect Storm,,Luca Koleosho,Burnley FC,,,,,
Inserts,Perfect Storm,,Brenden Aaronson,Leeds United,,,,,
Inserts,Heat Vision,,Bukayo Saka,Arsenal,,,,,
Inserts,Heat Vision,,Donyell Malen,Aston Villa,,,,,
Inserts,Heat Vision,,Antoine Semenyo,AFC Bournemouth,,,,,
Inserts,Heat Vision,,Yoane Wissa,Brentford,,,,,
Inserts,Heat Vision,,Kaoru Mitoma,Brighton & Hove Albion,,,,,
Inserts,Heat Vision,,Cole Palmer,Chelsea,,,,,
Inserts,Heat Vision,,Romain Esse,Crystal Palace,,,,,
Inserts,Heat Vision,,Iliman Ndiaye,Everton,,,,,
Inserts,Heat Vision,,Louis Saha,Fulham,,,,,
Inserts,Heat Vision,,Luis Díaz,Liverpool FC,,,,,
Inserts,Heat Vision,,Omar Marmoush,Manchester City,,,,,
Inserts,Heat Vision,,Shea Lacey,Manchester United,,,,,
Inserts,Heat Vision,,Wayne Rooney,Manchester United,,,,,
Inserts,Heat Vision,,Anthony Gordon,Newcastle United,,,,,
Inserts,Heat Vision,,Callum Hudson-Odoi,Nottingham Forest,,,,,
Inserts,Heat Vision,,Brennan Johnson,Tottenham Hotspur,,,,,
Inserts,Heat Vision,,Jarrod Bowen,West Ham United,,,,,
Inserts,Heat Vision,,Matheus Cunha,Wolverhampton Wanderers,,,,,
Inserts,Heat Vision,,Jaidon Anthony,Burnley FC,,,,,
Inserts,Heat Vision,,Ao Tanaka,Leeds United,,,,,
Inserts,Home Advantage,,Hwang Hee-Chan,Wolverhampton Wanderers,,,,,
Inserts,Home Advantage,,Martin Ødegaard,Arsenal,,,,,
Inserts,Home Advantage,,Morgan Rogers,Aston Villa,,,,,
Inserts,Home Advantage,,Antoine Semenyo,AFC Bournemouth,,,,,
Inserts,Home Advantage,,Bryan Mbeumo,Brentford,,,,,
Inserts,Home Advantage,,João Pedro,Brighton & Hove Albion,,,,,
Inserts,Home Advantage,,Estêvão,Chelsea,,,,,
Inserts,Home Advantage,,Didier Drogba,Chelsea,,,,,
Inserts,Home Advantage,,Eberechi Eze,Crystal Palace,,,,,
Inserts,Home Advantage,,Beto,Everton,,,,,
Inserts,Home Advantage,,Steven Gerrard,Liverpool FC,,,,,
Inserts,Home Advantage,,Rio Ngumoha,Liverpool FC,,,,,
Inserts,Home Advantage,,Yaya Touré,Manchester City,,,,,
Inserts,Home Advantage,,Erling Haaland,Manchester City,,,,,
Inserts,Home Advantage,,Bruno Fernandes,Manchester United,,,,,
Inserts,Home Advantage,,Zlatan Ibrahimović,Manchester United,,,,,
Inserts,Home Advantage,,Anthony Gordon,Newcastle United,,,,,
Inserts,Home Advantage,,Morgan Gibbs-White,Nottingham Forest,,,,,
Inserts,Home Advantage,,Son Heung-Min,Tottenham Hotspur,,,,,
Inserts,Home Advantage,,Gareth Bale,Tottenham Hotspur,,,,,
Inserts,Home Advantage,,Jarrod Bowen,West Ham United,,,,,
Autographs - Base,,,Dango Ouattara,AFC Bournemouth,,,,,
Autographs - Base,,,Evanilson,AFC Bournemouth,,,,,
Autographs - Base,,,Tyler Adams,AFC Bournemouth,,,,,
Autographs - Base,,,David Raya,Arsenal,,,,,
Autographs - Base,,,William Saliba,Arsenal,,,,,
Autographs - Base,,,Mikel Merino,Arsenal,,,,,
Autographs - Base,,,Declan Rice,Arsenal,,,,,
Autographs - Base,,,Myles Lewis-Skelly,Arsenal,,,,,
Autographs - Base,,,Martin Ødegaard,Arsenal,,,,,
Autographs - Base,,,Ethan Nwaneri,Arsenal,,,,,
Autographs - Base,,,Bukayo Saka,Arsenal,,,,,
Autographs - Base,,,Gabriel Martinelli,Arsenal,,,,,
Autographs - Base,,,Leandro Trossard,Arsenal,,,,,
Autographs - Base,,,Kai Havertz,Arsenal,,,,,
Autographs - Base,,,Donyell Malen,Aston Villa,,,,,
Autographs - Base,,,Emiliano Martínez,Aston Villa,,,,,
Autographs - Base,,,Jacob Ramsey,Aston Villa,,,,,
Autographs - Base,,,Matty Cash,Aston Villa,,,,,
Autographs - Base,,,Ollie Watkins,Aston Villa,,,,,
Autographs - Base,,,Stiliyan Petrov,Aston Villa,,,,,
Autographs - Base,,,Fábio Carvalho,Brentford,,,,,
Autographs - Base,,,Kristoffer Ajer,Brentford,,,,,
Autographs - Base,,,Kevin Schade,Brentford,,,,,
Autographs - Base,,,Nathan Collins,Brentford,,,,,
Autographs - Base,,,Yehor Yarmoliuk,Brentford,,,,,
Autographs - Base,,,Evan Ferguson,Brighton & Hove Albion,,,,,
Autographs - Base,,,Georginio Rutter,Brighton & Hove Albion,,,,,
Autographs - Base,,,João Pedro,Brighton & Hove Albion,,,,,
Autographs - Base,,,Lewis Dunk,Brighton & Hove Albion,,,,,
Autographs - Base,,,Matt O’Riley,Brighton & Hove Albion,,,,,
Autographs - Base,,,Simon Adingra,Brighton & Hove Albion,,,,,
Autographs - Base,,,Yasin Ayari,Brighton & Hove Albion,,,,,
Autographs - Base,,,Yankuba Minteh,Brighton & Hove Albion,,,,,
Autographs - Base,,,Ashley Cole,Chelsea,,,,,
Autographs - Base,,,César Azpilicueta,Chelsea,,,,,
Autographs - Base,,,Cole Palmer,Chelsea,,,,,
Autographs - Base,,,Diego Costa,Chelsea,,,,,
Autographs - Base,,,"Enzo Fernández,",Chelsea,,,,,
Autographs - Base,,,Estêvão,Chelsea,,,,,
Autographs - Base,,,Juan Mata,Chelsea,,,,,
Autographs - Base,,,John Terry,Chelsea,,,,,
Autographs - Base,,,Levi Colwill,Chelsea,,,,,
Autographs - Base,,,Michael Ballack,Chelsea,,,,,
Autographs - Base,,,Nicolas Anelka,Chelsea,,,,,
Autographs - Base,,,Nicolas Jackson,Chelsea,,,,,
Autographs - Base,,,Noni Madueke,Chelsea,,,,,
Autographs - Base,,,Reece James,Chelsea,,,,,
Autographs - Base,,,Tosin Adarabioyo,Chelsea,,,,,
Autographs - Base,,,Tore André Flo,Chelsea,,,,,
Autographs - Base,,,Trevoh Chalobah,Chelsea,,,,,
Autographs - Base,,,Adam Wharton,Crystal Palace,,,,,
Autographs - Base,,,Chris Richards,Crystal Palace,,,,,
Autographs - Base,,,Chadi Riad,Crystal Palace,,,,,
Autographs - Base,,,Eberechi Eze,Crystal Palace,,,,,
Autographs - Base,,,Marc Guéhi,Crystal Palace,,,,,
Autographs - Base,,,Maxence Lacroix,Crystal Palace,,,,,
Autographs - Base,,,Yannick Bolasie,Crystal Palace,,,,,
Autographs - Base,,,Iliman Ndiaye,Everton,,,,,
Autographs - Base,,,James Garner,Everton,,,,,
Autographs - Base,,,Jordan Pickford,Everton,,,,,
Autographs - Base,,,Phil Neville,Everton,,,,,
Autographs - Base,,,Yakubu,Everton,,,,,
Autographs - Base,,,Danny Murphy,Fulham,,,,,
Autographs - Base,,,Emile Smith Rowe,Fulham,,,,,
Autographs - Base,,,Jimmy Bullard,Fulham,,,,,
Autographs - Base,,,Josh King,Fulham,,,,,
Autographs - Base,,,Louis Saha,Fulham,,,,,
Autographs - Base,,,Illan Meslier,Leeds United,,,,,
Autographs - Base,,,Conor Bradley,Liverpool FC,,,,,
Autographs - Base,,,Cody Gakpo,Liverpool FC,,,,,
Autographs - Base,,,Diogo Jota,Liverpool FC,,,,,
Autographs - Base,,,Emile Heskey,Liverpool FC,,,,,
Autographs - Base,,,Harvey Elliott,Liverpool FC,,,,,
Autographs - Base,,,John Arne Riise,Liverpool FC,,,,,
Autographs - Base,,,Joe Gomez,Liverpool FC,,,,,
Autographs - Base,,,Ryan Gravenberch,Liverpool FC,,,,,
Autographs - Base,,,Rio Ngumoha,Liverpool FC,,,,,
Autographs - Base,,,Virgil van Dijk,Liverpool FC,,,,,
Autographs - Base,,,Bernardo Silva,Manchester City,,,,,
Autographs - Base,,,David Silva,Manchester City,,,,,
Autographs - Base,,,Emmanuel Adebayor,Manchester City,,,,,
Autographs - Base,,,Erling Haaland,Manchester City,,,,,
Autographs - Base,,,Joško Gvardiol,Manchester City,,,,,
Autographs - Base,,,Joe Hart,Manchester City,,,,,
Autographs - Base,,,John Stones,Manchester City,,,,,
Autographs - Base,,,Manuel Akanji,Manchester City,,,,,
Autographs - Base,,,Mateo Kovačić,Manchester City,,,,,
Autographs - Base,,,Matheus Nunes,Manchester City,,,,,
Autographs - Base,,,Micah Richards,Manchester City,,,,,
Autographs - Base,,,Oscar Bobb,Manchester City,,,,,
Autographs - Base,,,Phil Foden,Manchester City,,,,,
Autographs - Base,,,Rúben Dias,Manchester City,,,,,
Autographs - Base,,,Rico Lewis,Manchester City,,,,,
Autographs - Base,,,Riyad Mahrez,Manchester City,,,,,
Autographs - Base,,,Sávio,Manchester City,,,,,
Autographs - Base,,,Vitor Reis,Manchester City,,,,,
Autographs - Base,,,André Onana,Manchester United,,,,,
Autographs - Base,,,Bruno Fernandes,Manchester United,,,,,
Autographs - Base,,,Diogo Dalot,Manchester United,,,,,
Autographs - Base,,,Edwin van der Sar,Manchester United,,,,,
Autographs - Base,,,Gary Neville,Manchester United,,,,,
Autographs - Base,,,Harry Maguire,Manchester United,,,,,
Autographs - Base,,,Joshua Zirkzee,Manchester United,,,,,
Autographs - Base,,,Kobbie Mainoo,Manchester United,,,,,
Autographs - Base,,,Leny Yoro,Manchester United,,,,,
Autographs - Base,,,Mason Mount,Manchester United,,,,,
Autographs - Base,,,Manuel Ugarte,Manchester United,,,,,
Autographs - Base,,,Nemanja Vidić,Manchester United,,,,,
Autographs - Base,,,Patrice Evra,Manchester United,,,,,
Autographs - Base,,,Paul Scholes,Manchester United,,,,,
Autographs - Base,,,Shea Lacey,Manchester United,,,,,
Autographs - Base,,,Anthony Gordon,Newcastle United,,,,,
Autographs - Base,,,Bruno Guimarães,Newcastle United,,,,,
Autographs - Base,,,Harvey Barnes,Newcastle United,,,,,
Autographs - Base,,,Lewis Hall,Newcastle United,,,,,
Autographs - Base,,,Lewis Miley,Newcastle United,,,,,
Autographs - Base,,,Nick Pope,Newcastle United,,,,,
Autographs - Base,,,Sven Botman,Newcastle United,,,,,
Autographs - Base,,,Shay Given,Newcastle United,,,,,
Autographs - Base,,,Sandro Tonali,Newcastle United,,,,,
Autographs - Base,,,Tino Livramento,Newcastle United,,,,,
Autographs - Base,,,Anthony Elanga,Nottingham Forest,,,,,
Autographs - Base,,,Chris Wood,Nottingham Forest,,,,,
Autographs - Base,,,Matz Sels,Nottingham Forest,,,,,
Autographs - Base,,,Neco Williams,Nottingham Forest,,,,,
Autographs - Base,,,Zach Abbott,Nottingham Forest,,,,,
Autographs - Base,,,Archie Gray,Tottenham Hotspur,,,,,
Autographs - Base,,,Cristian Romero,Tottenham Hotspur,,,,,
Autographs - Base,,,Dejan Kulusevski,Tottenham Hotspur,,,,,
Autographs - Base,,,Dominic Solanke,Tottenham Hotspur,,,,,
Autographs - Base,,,Destiny Udogie,Tottenham Hotspur,,,,,
Autographs - Base,,,Gareth Bale,Tottenham Hotspur,,,,,
Autographs - Base,,,James Maddison,Tottenham Hotspur,,,,,
Autographs - Base,,,Lucas Bergvall,Tottenham Hotspur,,,,,
Autographs - Base,,,Ledley King,Tottenham Hotspur,,,,,
Autographs - Base,,,Mikey Moore,Tottenham Hotspur,,,,,
Autographs - Base,,,Son Heung-Min,Tottenham Hotspur,,,,,
Autographs - Base,,,Teddy Sheringham,Tottenham Hotspur,,,,,
Autographs - Base,,,Will Lankshear,Tottenham Hotspur,,,,,
Autographs - Base,,,Yang Min-hyeok,Tottenham Hotspur,,,,,
Autographs - Base,,,Aaron Wan-Bissaka,West Ham United,,,,,
Autographs - Base,,,Bobby Zamora,West Ham United,,,,,
Autographs - Base,,,Emerson Palmieri,West Ham United,,,,,
Autographs - Base,,,Jarrod Bowen,West Ham United,,,,,
Autographs - Base,,,Joe Cole,West Ham United,,,,,
Autographs - Base,,,Jean-Clair Todibo,West Ham United,,,,,
Autographs - Base,,,Luis Guilherme,West Ham United,,,,,
Autographs - Base,,,Lewis Orford,West Ham United,,,,,
Autographs - Base,,,Mohammed Kudus,West Ham United,,,,,
Autographs - Base,,,Maximilian Kilman,West Ham United,,,,,
Autographs - Base,,,Yossi Benayoun,West Ham United,,,,,
Autographs - Base,,,Jørgen Strand Larsen,Wolverhampton Wanderers,,,,,
Autographs - Base,,,Matheus Cunha,Wolverhampton Wanderers,,,,,
Autographs - Base,,,Tommy Doyle,Wolverhampton Wanderers,,,,,
Autographs - Beast mode,,,Evanilson,AFC Bournemouth,,,,,
Autographs - Beast mode,,,Declan Rice,Arsenal,,,,,
Autographs - Beast mode,,,Georginio Rutter,Brighton & Hove Albion,,,,,
Autographs - Beast mode,,,Hannibal,Burnley FC,,,,,
Autographs - Beast mode,,,Enzo FernÃ¡ndez,Chelsea,,,,,
Autographs - Beast mode,,,John Terry,Chelsea,,,,,
Autographs - Beast mode,,,Beto,Everton,,,,,
Autographs - Beast mode,,,Daniel James,Leeds United,,,,,
Autographs - Beast mode,,,Virgil van Dijk,Liverpool FC,,,,,
Autographs - Beast mode,,,Rodri,Manchester City,,,,,
Autographs - Beast mode,,,Alejandro Garnacho,Manchester United,,,,,
Autographs - Beast mode,,,Sandro Tonali,Newcastle United,,,,,
Autographs - Beast mode,,,Chris Wood,Nottingham Forest,,,,,
Autographs - Beast mode,,,Dominic Solanke,Tottenham Hotspur,,,,,
Autographs - Beast mode,,,Ledley King,Tottenham Hotspur,,,,,
Autographs - Beast mode,,,Emerson Palmieri,West Ham United,,,,,
Autographs - Chrome King,,,Cesc Fàbregas,Arsenal,,,,,
Autographs - Chrome King,,,Dwight Yorke,Aston Villa,,,,,
Autographs - Chrome King,,,Didier Drogba,Chelsea,,,,,
Autographs - Chrome King,,,Gianfranco Zola,Chelsea,,,,,
Autographs - Chrome King,,,Julián Speroni,Crystal Palace,,,,,
Autographs - Chrome King,,,Nathaniel Clyne,Crystal Palace,,,,,
Autographs - Chrome King,,,Leighton Baines,Everton,,,,,
Autographs - Chrome King,,,Danny Murphy,Fulham,,,,,
Autographs - Chrome King,,,Jimmy Floyd Hasselbaink,Leeds United,,,,,
Autographs - Chrome King,,,Steven Gerrard,Liverpool FC,,,,,
Autographs - Chrome King,,,Xabi Alonso,Liverpool FC,,,,,
Autographs - Chrome King,,,David Silva,Manchester City,,,,,
Autographs - Chrome King,,,Sergio Agüero,Manchester City,,,,,
Autographs - Chrome King,,,Nemanja Vidić,Manchester United,,,,,
Autographs - Chrome King,,,Wayne Rooney,Manchester United,,,,,
Autographs - Chrome King,,,Andy Cole,Newcastle United,,,,,
Autographs - Chrome King,,,Roy Keane,Nottingham Forest,,,,,
Autographs - Chrome King,,,Gareth Bale,Tottenham Hotspur,,,,,
Autographs - Chrome King,,,Bobby Zamora,West Ham United,,,,,
Autographs - Chrome King,,,Paul Ince,Wolverhampton Wanderers,,,,,
Autographs - Black Edge,,,Cole Palmer,Chelsea,,,,,
Autographs - Black Edge,,,Eberechi Eze,Crystal Palace,,,,,
Autographs - Black Edge,,,Clint Dempsey,Fulham,,,,,
Autographs - Black Edge,,,Fernando Torres,Liverpool FC,,,,,
Autographs - Black Edge,,,Rio Ngumoha,Liverpool FC,,,,,
Autographs - Black Edge,,,Erling Haaland,Manchester City,,,,,
Autographs - Black Edge,,,Alan Shearer,Newcastle United,,,,,
Autographs - Black Edge,,,Chris Wood,Nottingham Forest,,,,,
Autographs - Black Edge,,,Son Heung-Min,Tottenham Hotspur,,,,,
Autographs - Black Edge,,,Matheus Cunha,Wolverhampton Wanderers,,,,,
Memorabilia - Premier Relics,,,Evanilson,AFC Bournemouth,,,,,
Memorabilia - Premier Relics,,,Emiliano Martínez,Aston Villa,,,,,
Memorabilia - Premier Relics,,,Kristoffer Ajer,Brentford,,,,,
Memorabilia - Premier Relics,,,Nathan Collins,Brentford,,,,,
Memorabilia - Premier Relics,,,Lewis Dunk,Brighton & Hove Albion,,,,,
Memorabilia - Premier Relics,,,Simon Adingra,Brighton & Hove Albion,,,,,
Memorabilia - Premier Relics,,,Didier Drogba,Chelsea,,,,,
Memorabilia - Premier Relics,,,Enzo Fernández,Chelsea,,,,,
Memorabilia - Premier Relics,,,Harrison Murray-Campbell,Chelsea,,,,,
Memorabilia - Premier Relics,,,Hernán Crespo,Chelsea,,,,,
Memorabilia - Premier Relics,,,John Terry,Chelsea,,,,,
Memorabilia - Premier Relics,,,Levi Colwill,Chelsea,,,,,
Memorabilia - Premier Relics,,,Malo Gusto,Chelsea,,,,,
Memorabilia - Premier Relics,,,Nicolas Jackson,Chelsea,,,,,
Memorabilia - Premier Relics,,,Chris Richards,Crystal Palace,,,,,
Memorabilia - Premier Relics,,,Eberechi Eze,Crystal Palace,,,,,
Memorabilia - Premier Relics,,,Beto,Everton,,,,,
Memorabilia - Premier Relics,,,Antonee Robinson,Fulham,,,,,
Memorabilia - Premier Relics,,,Emile Smith Rowe,Fulham,,,,,
Memorabilia - Premier Relics,,,Cody Gakpo,Liverpool FC,,,,,
Memorabilia - Premier Relics,,,Conor Bradley,Liverpool FC,,,,,
Memorabilia - Premier Relics,,,Darwin Núñez,Liverpool FC,,,,,
Memorabilia - Premier Relics,,,Diogo Jota,Liverpool FC,,,,,
Memorabilia - Premier Relics,,,Harry Kewell,Liverpool FC,,,,,
Memorabilia - Premier Relics,,,Harvey Elliott,Liverpool FC,,,,,
Memorabilia - Premier Relics,,,Luis Suárez,Liverpool FC,,,,,
Memorabilia - Premier Relics,,,Mohamed Salah,Liverpool FC,,,,,
Memorabilia - Premier Relics,,,Virgil van Dijk,Liverpool FC,,,,,
Memorabilia - Premier Relics,,,Bernardo Silva,Manchester City,,,,,
Memorabilia - Premier Relics,,,Ederson,Manchester City,,,,,
Memorabilia - Premier Relics,,,Erling Haaland,Manchester City,,,,,
Memorabilia - Premier Relics,,,Jack Grealish,Manchester City,,,,,
Memorabilia - Premier Relics,,,Jérémy Doku,Manchester City,,,,,
Memorabilia - Premier Relics,,,John Stones,Manchester City,,,,,
Memorabilia - Premier Relics,,,Nathan Aké,Manchester City,,,,,
Memorabilia - Premier Relics,,,Phil Foden,Manchester City,,,,,
Memorabilia - Premier Relics,,,Rúben Dias,Manchester City,,,,,
Memorabilia - Premier Relics,,,Sávio,Manchester City,,,,,
Memorabilia - Premier Relics,,,Alejandro Garnacho,Manchester United,,,,,
Memorabilia - Premier Relics,,,Diogo Dalot,Manchester United,,,,,
Memorabilia - Premier Relics,,,Kobbie Mainoo,Manchester United,,,,,
Memorabilia - Premier Relics,,,Manuel Ugarte,Manchester United,,,,,
Memorabilia - Premier Relics,,,Paul Ince,Manchester United,,,,,
Memorabilia - Premier Relics,,,Rasmus Højlund,Manchester United,,,,,
Memorabilia - Premier Relics,,,Zlatan Ibrahimović,Manchester United,,,,,
Memorabilia - Premier Relics,,,Alexander Isak,Newcastle United,,,,,
Memorabilia - Premier Relics,,,Lewis Hall,Newcastle United,,,,,
Memorabilia - Premier Relics,,,Lewis Miley,Newcastle United,,,,,
Memorabilia - Premier Relics,,,Tino Livramento,Newcastle United,,,,,
Memorabilia - Premier Relics,,,Cristian Romero,Tottenham Hotspur,,,,,
Memorabilia - Premier Relics,,,Mikey Moore,Tottenham Hotspur,,,,,
Memorabilia - Premier Relics,,,Son Heung-Min,Tottenham Hotspur,,,,,
Memorabilia - Premier Relics,,,Aaron Wan-Bissaka,West Ham United,,,,,
Memorabilia - Premier Relics,,,Crysencio Summerville,West Ham United,,,,,
Memorabilia - Premier Relics,,,Emerson Palmieri,West Ham United,,,,,
Memorabilia - Premier Relics,,,Guido Rodríguez,West Ham United,,,,,
Memorabilia - Premier Relics,,,Lewis Orford,West Ham United,,,,,
Memorabilia - Premier Relics,,,Maximilian Kilman,West Ham United,,,,,
Memorabilia - Premier Relics,,,Niclas Füllkrug,West Ham United,,,,,
Memorabilia - Premier Relics,,,Matheus Cunha,Wolverhampton Wanderers,,,,,
